"Reference","Qty","Value","Description","Footprint","Digikey","LCSC"
"C1,C2","2","2.2nF","","Capacitor_SMD:C_0805_2012Metric","","C28260"
"C3,C5","2","100nF","","Capacitor_SMD:C_0805_2012Metric","","C49678"
"C4","1","1uF","","Capacitor_SMD:C_0805_2012Metric","","C28323"
"J2","1","VDD","Generic connector, single row, 01x02, script generated (kicad-library-utils/schlib/autogen/connector/)","Connector_JST:JST_XH_B2B-XH-A_1x02_P2.50mm_Vertical","",""
"J3","1","AUDIO","RCA Connector","6502 Parts:SWITCHCRAFT_PJRAN1X1U02X","https://www.digikey.com/en/products/detail/switchcraft-inc/PJRAN1X1U02X/1832412",""
"J5","1","Conn_02x08_Odd_Even","","Connector_PinHeader_2.54mm:PinHeader_2x08_P2.54mm_Vertical","",""
"R1","1","1k","Resistor","Resistor_SMD:R_0805_2012Metric","","C17513"
"U1","1","6581","","Package_DIP:DIP-28_W15.24mm_Socket_LongPads","",""
"U2","1","74HC138","3-to-8 line decoder/multiplexer inverting, DIP-16/SOIC-16/SSOP-16","Package_SO:SOIC-16_3.9x9.9mm_P1.27mm","","C5602"
