"Reference","Qty","Value","Description","Footprint","Digikey"
"C1,C4","2","100nF","","Capacitor_THT:C_Disc_D5.0mm_W2.5mm_P2.50mm",""
"C2,C3","2","22pF","","Capacitor_THT:C_Disc_D5.0mm_W2.5mm_P2.50mm",""
"J1","1","PORT B","Generic connector, double row, 02x06, odd/even pin numbering scheme (row 1 odd numbers, row 2 even numbers), script generated (kicad-library-utils/schlib/autogen/connector/)","6502 Parts:6502 GPIO Connector",""
"J2","1","PORT A","Generic connector, double row, 02x06, odd/even pin numbering scheme (row 1 odd numbers, row 2 even numbers), script generated (kicad-library-utils/schlib/autogen/connector/)","6502 Parts:6502 GPIO Connector",""
"J3","1","PS/2 KEYBOARD","6-pin Mini-DIN connector","6502 Parts:KMDGX-6S-BS",""
"J4","1","KEYBOARD","25-pin D-SUB connector, pins (male), Mounting Hole","Connector_Dsub:DSUB-25_Pins_Horizontal_P2.77x2.84mm_EdgePinOffset7.70mm_Housed_MountingHolesOffset9.12mm","609-1505-ND"
"R1","1","1K","Resistor","Resistor_THT:R_Axial_DIN0204_L3.6mm_D1.6mm_P5.08mm_Horizontal",""
"U1","1","ATmega1284-P","20MHz, 128kB Flash, 16kB SRAM, 4kB EEPROM, JTAG, DIP-40","Package_DIP:DIP-40_W15.24mm_Socket_LongPads",""
"Y1","1","16 MHz","Two pin crystal","Crystal:Crystal_HC49-U_Vertical","3155-16M20P2/49US-ND"
