"Reference","Qty","Value","Description","Footprint","LCSC","Digikey"
"BT1","1","BAT-HLD-001-THM","","6502 Parts:BAT_BAT-HLD-001-THM","",""
"C1,C2,C3","3","100nF","","Capacitor_SMD:C_0805_2012Metric","C49678",""
"D1","1","D_Schottky","Schottky diode","Diode_THT:D_DO-35_SOD27_P7.62mm_Horizontal","",""
"J2","1","AUX","Generic connector, single row, 01x06, script generated (kicad-library-utils/schlib/autogen/connector/)","Connector_PinHeader_2.54mm:PinHeader_1x06_P2.54mm_Vertical","",""
"J3","1","INT Select","Generic connector, single row, 01x03, script generated (kicad-library-utils/schlib/autogen/connector/)","Connector_PinHeader_2.54mm:PinHeader_1x03_P2.54mm_Vertical","",""
"J4","1","Conn_02x08_Odd_Even","","Connector_PinHeader_2.54mm:PinHeader_2x08_P2.54mm_Vertical","",""
"R1","1","1k","Resistor","Resistor_SMD:R_0805_2012Metric","C17513",""
"U1","1","DS1511Y","","Package_DIP:DIP-28_W15.24mm_Socket_LongPads","","DS1511Y+-ND"
"U2,U3","2","74HC138","3-to-8 line decoder/multiplexer inverting, DIP-16/SOIC-16/SSOP-16","Package_SO:SOIC-16_3.9x9.9mm_P1.27mm","C5602",""
